minecraft,real
HexakiI,Hexakil
Brybry_,Brybry
aypierre,Aypierre
gobgg,GoBGG
DFG_DrFeelgood,DrFeelgood
TheGuill84,TheGuill84
Julgane,Julgane
Fukano,Fukano
Onutrem,Onutrem
GotagaTV,Gotaga
JimmyBoyyy,JimmyBoyyy
SakorRos,Sakor_
Nikof_,Nikof
ChloeRamdani,ChloeRamdani
Kaatsup,Kaatsup
Etoiles,Etoiles
Hiro_Ammar,Hiro_LoL
_Linca,Linca
LuttiLutti,Lutti
CrocodyleTV,CrocodyleTV
MoMaN_uS,MoMaN
NakaStream,NakaStream
AntoineDaniel_,AntoineDaniel
LadySundae,Sundae
KyriaaTV,KyriaTV
JLKada,Kada
XoTrixy,Xo_Trixy
Bebesukita,Camille_Cqb
LittleBigWhale,LittleBigWhale
Grimkujow,Grimkujow
Maxouzboub,MaximeBiaggi
Gom4rt_,Gom4rt
Mynth0s,Mynthos
Bytell2,Bytell2
Mickaplow,Mickalow
Horty_,Horty_
Angle_Droit,Angle_Droit
nemenems,Nemenems
JLTootmy,JLTomy
Theorus_,Theorus_
Terraciid,Terracid
ARELIANN,Areliann
Elspawn,Elspawn
KennyStream,KennyStream
nisqylegoat,Nisqyy
Pepito_kawazakii,Joueur_du_grenier
BagheraJones,BagheraJones
Wingobear,Wingo
ZeratoR,ZeratoR
HarryLafranc,HarryLafranc
